NDC Number,Product Name,Primary EPA Code,Waste Sort Code,DOT Shipping Name
00187065142,8-MOP,,CHEMO,
68817013450,ABRAXANE,,CHEMO,
00004015649,ACCUTANE,,CHEMO,
00093005001,ACETAMINOPHEN/CODEINE,,DEA,
00121050412,ACETAMINOPHEN/CODEINE,,DEA,
60432024516,ACETAMINOPHEN/CODEINE,,DEA,
00406048401,ACETAMINOPHEN/CODEINE #3,,DEA,
00406048501,ACETAMINOPHEN/CODEINE #4,,DEA,
64116001101,ACTIMMUNE,,CHEMO,
63459051230,ACTIQ,,DEA,
54092038701,ADDERALL XR,,DEA,
54092039101,ADDERALL XR,,DEA,
00013100691,ADRIAMYCIN,,CHEMO,
55390023701,ADRIAMYCIN,,CHEMO,
00703301912,ADRUCIL,,CHEMO,
00456067299,AEROBID,,SP,"Aerosols, [non-flammable, (each not exceeding 1 L capacity)]"
00456067099,AEROBID-M,,SP,"Aerosols, [non-flammable, (each not exceeding 1 L capacity)]"
00078056751,AFINITOR,,CHEMO,
29336061024,ALDARA,,CHEMO,
11098006002,ALFENTA,,DEA,
11098006005,ALFENTA,,DEA,
00002762301,ALIMTA,,CHEMO,
00002764001,ALIMTA,,CHEMO,
00173004535,ALKERAN,U150,CHEMO,"Toxic Liquids, Organic, n.o.s."
59572030101,ALKERAN,U150,CHEMO,"Toxic Liquids, Organic, n.o.s."
00088109047,ALLEGRA-D 12 HOUR,,DEA,
00603212821,ALPRAZOLAM,,DEA,
00603212921,ALPRAZOLAM,,DEA,
00781106101,ALPRAZOLAM,,DEA,
00024540131,AMBIEN,,DEA,
00024550131,AMBIEN CR,,DEA,
00024552131,AMBIEN CR,,DEA,
00378661493,AMNESTEEM,,CHEMO,
00185008401,AMPHETAMINE SALT COMBO,,DEA,
00555077702,AMPHETAMINE SALT COMBO,,DEA,
00555097302,AMPHETAMINE SALT COMBO,,DEA,
64720013210,AMPHETAMINE/DEXTROAMPHETA,,DEA,
64720013610,AMPHETAMINE/DEXTROAMPHETA,,DEA,
39822995002,AMYL NITRITE,D001,SPO,Amyl nitrites
00002721510,AMYTAL SOD,,DEA,
52544046960,ANDRODERM,,DEA,
52544047030,ANDRODERM,,DEA,
00051842530,ANDROGEL,D001,DEA,"Flammable liquids, n.o.s."
00832008600,ANDROXY,,DEA,
61451030001,ANESTACON,D001,BKC,"Flammable liquids, n.o.s."
00006408400,ANTIVENIN LATRODECTUS MAC,D009,BKC,"Toxic Liquids, Organic, n.o.s."
00904025059,APRODINE,,DEA,
00007440701,ARGATROBAN,D001,BKC,"Flammable liquids, n.o.s."
00310020130,ARIMIDEX,,CHEMO,
00009766304,AROMASIN,,CHEMO,
39822990002,AROMATIC AMMONIA INHALANT,D001,SPC,"Corrosive liquids, flammable, n.o.s."
12870000101,ARZOL SILVER NITRATE,D001,SPO,Silver nitrate
00597008717,ATROVENT HFA,,SP,"Aerosols, [non-flammable, (each not exceeding 1 L capacity)]"
50242006001,AVASTIN,,CHEMO,
50242006101,AVASTIN,,CHEMO,
59627000205,AVONEX,D001,CHEMO,"Flammable liquids, n.o.s."
00074301460,AZMACORT INHALER,,SP,"Aerosols, [non-flammable, (each not exceeding 1 L capacity)]"
00574704012,BELLADONNA ALKALOIDS & OP,,DEA,
00143114010,BELLADONNA ALKALOIDS/PHEN,,DEA,
54162010001,BENZOIN COMPOUND TINCTURE,D001,BKC,"Flammable liquids, n.o.s."
08026407000,Benzoin Tincture,D001,BKC,"Flammable liquids, n.o.s."
50419052335,BETASERON,D001,CHEMO,"Flammable liquids, n.o.s."
67800010131,BEXXAR,,CHEMO,
67800012110,BEXXAR 131 IODINE,,CHEMO,
00378701705,BICALUTAMIDE,,CHEMO,
00015301297,BICNU,D001,CHEMO,"Flammable liquids, n.o.s."
61703033218,BLEOMYCIN SULFATE,,CHEMO,
00023031304,BLEPHAMIDE S.O.P.,D009,BKC,"Toxic Liquids, Organic, n.o.s."
00004018809,BONIVA,D001,BKC,"Flammable liquids, n.o.s."
00212360162,BOOST DIABETIC,D007,BKC,"Toxic liquid, inorganic, n.o.s."
00023114501,BOTOX,,SPLP,"Toxins, extracted from living sources, solid, n.o.s."
10019002518,BREVIBLOC CONCENTRATE,D001,BKC,"Flammable liquids, n.o.s."
42023010501,BREVITAL,,DEA,
00603254428,BUTALBITAL/APAP/CAFFEINE,,DEA,
00591321901,BUTALBITAL/ASA/CAFFEINE,,DEA,
00143178501,BUTALBITAL/ASPIRIN/CAFFEI,,DEA,
66780021007,BYETTA,D024,BKC,"Toxic Liquids, Organic, n.o.s."
66780021008,BYETTA,D024,BKC,"Toxic Liquids, Organic, n.o.s."
50419035510,CAMPATH,,CHEMO,
00066715030,CARAC,,CHEMO,
00703424801,CARBOPLATIN,,CHEMO,
61703033956,CARBOPLATIN,,CHEMO,
63323016721,CARBOPLATIN,,CHEMO,
00603258221,CARISOPRODOL,,DEA,
00884289301,CASTELLANI PAINT MODIFIED,U002,BKC,"Flammable liquids, toxic, n.o.s."
00015303013,CEENU,,CHEMO,
00015303113,CEENU,,CHEMO,
00015303213,CEENU,,CHEMO,
55390028110,CERUBIDINE,U059,CHEMO,"Toxic Liquids, Organic, n.o.s."
00121053216,CHLORAL HYDRATE,U034,DEA,"Toxic Liquids, Organic, n.o.s."
00555003302,CHLORDIAZEPOXIDE HCL,,DEA,
00555015802,CHLORDIAZEPOXIDE HCL,,DEA,
00555015902,CHLORDIAZEPOXIDE HCL,,DEA,
64125013201,CHLORDIAZEPOXIDE/CLIDINIU,,DEA,
00116200116,CHLORHEXIDINE GLUCONATE,D001,BKC,"Flammable liquids, n.o.s."
52376002102,CHLORHEXIDINE GLUCONATE,D001,BKC,"Flammable liquids, n.o.s."
00536666808,CHROMIUM PICOLINATE,D007,BKC,"Toxic Liquids, Organic, n.o.s."
50383041906,CICLOPIROX NAIL LACQUER,D001,BKC,"Flammable liquids, n.o.s."
55390011299,CISPLATIN,,CHEMO,
63323010351,CISPLATIN,,CHEMO,
63323010364,CISPLATIN,,CHEMO,
55390012401,CLADRIBINE,,CHEMO,
11523716203,CLARITIN-D 12 HOUR,,DEA,
11523716102,CLARITIN-D 24 HOUR,,DEA,
00168020130,CLINDAMYCIN PHOSPHATE,D001,BKC,"Flammable liquids, n.o.s."
60432013350,CLOBETASOL PROPIONATE,D001,BKC,"Flammable liquids, n.o.s."
00228300411,CLONAZEPAM,,DEA,
00228300511,CLONAZEPAM,,DEA,
00603294821,CLONAZEPAM,,DEA,
51672404201,CLORAZEPATE DIPOTASSIUM,,DEA,
51672404301,CLORAZEPATE DIPOTASSIUM,,DEA,
00074110202,CODEINE PHOS,,DEA,
00054024425,CODEINE SULFATE,,DEA,
64029314101,COLY-MYCIN-S,D009,BKC,"Toxic Liquids, Organic, n.o.s."
00597001314,COMBIVENT,,SP,"Aerosols, [non-flammable, (each not exceeding 1 L capacity)]"
00212140151,COMPLEAT,D007,BKC,"Toxic Liquids, Organic, n.o.s."
75137058507,COMPOUND W MAXIMUM STRENG,D001,BKC,"Flammable liquids, n.o.s."
50458058701,CONCERTA,,DEA,
52544004513,CONDYLOX,D001,BKC,"Flammable liquids, n.o.s."
68546031730,COPAXONE,D001,BKC,"Flammable liquids, n.o.s."
00006329822,COSMEGEN,,CHEMO,"Toxic Liquids, Organic, n.o.s."
00056016870,COUMADIN,P001,PBKC,"Toxic Liquids, Organic, n.o.s."
00056016970,COUMADIN,U248,BKC,"Toxic Liquids, Organic, n.o.s."
00056017070,COUMADIN,P001,PBKC,"Toxic Liquids, Organic, n.o.s."
00056017270,COUMADIN,P001,PBKC,"Toxic Liquids, Organic, n.o.s."
00056017370,COUMADIN,P001,PBKC,"Toxic Liquids, Organic, n.o.s."
00056017470,COUMADIN,P001,PBKC,"Toxic Liquids, Organic, n.o.s."
00056017670,COUMADIN,P001,PBKC,"Toxic Liquids, Organic, n.o.s."
00056018870,COUMADIN,P001,PBKC,"Toxic Liquids, Organic, n.o.s."
00056018970,COUMADIN,P001,PBKC,"Toxic Liquids, Organic, n.o.s."
11528002001,COVARYX HS,,DEA,
00281033010,CROFAB,D009,BKC,"Toxic Liquids, Organic, n.o.s."
11098050701,CYANIDE ANTIDOTE PKG,D001,SPO,"Oxidizing liquid, n.o.s."
00054412925,CYCLOPHOSPHAMIDE,U058,CHEMO,"Toxic Liquids, Organic, n.o.s."
00054413025,CYCLOPHOSPHAMIDE,U058,CHEMO,"Toxic Liquids, Organic, n.o.s."
10019095501,CYCLOPHOSPHAMIDE,U058,CHEMO,"Toxic Liquids, Organic, n.o.s."
10019095601,CYCLOPHOSPHAMIDE,U058,CHEMO,"Toxic Liquids, Organic, n.o.s."
55390012210,CYCLOSPORINE,D001,BKC,"Flammable liquids, n.o.s."
55390013210,CYTARABINE,,CHEMO,
55390013301,CYTARABINE,,CHEMO,
61703031922,CYTARABINE,,CHEMO,
00004694003,CYTOVENE,,CHEMO,
00033291350,CYTOVENE,,CHEMO,
00469227030,DACARBAZINE,,CHEMO,
63323012820,DACARBAZINE,,CHEMO,
58063060050,DACOGEN,,CHEMO,
00140006514,DALMANE,,DEA,
00140006614,DALMANE,,DEA,
00002036302,DARVOCET-N 100,,DEA,
49281029110,DECAVAC,D009,BKC,"Toxic Liquids, Organic, n.o.s."
00482018410,DECONAMINE,,DEA,
00409117630,DEMEROL,,DEA,
00409117830,DEMEROL,,DEA,
00409117930,DEMEROL,,DEA,
00409118069,DEMEROL,,DEA,
00409120120,DEMEROL MULTIDOSE,D024,DEA,"Toxic Liquids, Organic, n.o.s."
57665033101,DEPOCYT,,CHEMO,
00009041701,DEPO-TESTOSTERONE,,DEA,
00007351359,DEXEDRINE,,DEA,
00007351459,DEXEDRINE,,DEA,
00406895901,DEXTROAMPHETAMINE SULFATE,,DEA,
00555095202,DEXTROAMPHETAMINE SULFATE,,DEA,
00187065820,DIASTAT ACUDIAL,,DEA,
00187065920,DIASTAT ACUDIAL,,DEA,
00409127332,DIAZEPAM,D001,DEA,"Flammable liquids, n.o.s."
00591561901,DIAZEPAM,,DEA,
00591562001,DIAZEPAM,,DEA,
00591562101,DIAZEPAM,,DEA,
00641228941,DIAZEPAM,D001,DEA,"Flammable liquids, n.o.s."
00054318863,DIAZEPAM ORAL SOLUTION,,DEA,
00054005716,DIGOXIN,D001,BKC,"Flammable liquids, n.o.s."
00054005746,DIGOXIN,D001,BKC,"Flammable liquids, n.o.s."
00641141035,DIGOXIN,D001,BKC,"Flammable liquids, n.o.s."
00044105301,DILAUDID,,DEA,
00074245351,DILAUDID-HP,,DEA,
00054319446,DIPHENOXYLATE/ATROPINE,,DEA,
00378041501,DIPHENOXYLATE/ATROPINE,,DEA,
00430303015,DOVONEX,D001,BKC,"Flammable liquids, n.o.s."
17314960001,DOXIL,,CHEMO,
51201002601,DRITHOCREME,D026,BKC,"Toxic Liquids, Organic, n.o.s."
00591359160,DRONABINOL,,DEA,
00003633517,DROXIA,,CHEMO,
60977001602,DURAMORPH,,DEA,
00091111016,EDEX,D001,BKC,"Flammable liquids, n.o.s."
00091112016,EDEX,D001,BKC,"Flammable liquids, n.o.s."
00091114020,EDEX,D001,BKC,"Flammable liquids, n.o.s."
00187320447,EFUDEX,,CHEMO,
00024022205,ELIGARD,,CHEMO,
00024079375,ELIGARD,,CHEMO,
00456064416,ELIXOPHYLLIN,D001,BKC,"Flammable liquids, n.o.s."
00024059010,ELOXATIN,,CHEMO,
00006461200,ELSPAR,,CHEMO,
00013013202,EMCYT,,CHEMO,
70074050465,ENSURE PLUS,D007,BKC,"Toxic liquid, inorganic, n.o.s."
70074407180,ENSURE PLUS,D007,BKC,"Toxic liquid, inorganic, n.o.s."
70074606980,ENSURE PLUS,D007,BKC,"Toxic liquid, inorganic, n.o.s."
63323015125,EPIRUBICIN HCL,,CHEMO,
00049101028,ERAXIS,D001,BKC,"Flammable liquids, n.o.s."
66733094823,ERBITUX,,CHEMO,
00168021630,ERYTHROMYCIN,D001,BKC,"Flammable liquids, n.o.s."
60432067160,ERYTHROMYCIN,D001,BKC,"Flammable liquids, n.o.s."
00013215036,ESTRING,D005,BKC,"Toxic Liquids, Organic, n.o.s."
63402019030,Eszopiclone,,DEA,
00378326694,ETOPOSIDE,,CHEMO,
55390029201,ETOPOSIDE,D001,CHEMO,"Flammable liquids, n.o.s."
00002416502,EVISTA,,CHEMO,
00310072050,FASLODEX,D001,CHEMO,"Flammable liquids, n.o.s."
00078024915,FEMARA,,CHEMO,
00378911998,FENTANYL,,DEA,
00378912198,FENTANYL,,DEA,
00378912398,FENTANYL,,DEA,
00781711255,FENTANYL,,DEA,
00781711455,FENTANYL,,DEA,
00409127632,FENTANYL CITRATE,,DEA,
00409909335,FENTANYL CITRATE,,DEA,
00409909461,FENTANYL CITRATE,,DEA,
10019003867,FENTANYL CITRATE,,DEA,
63459054828,FENTORA,,DEA,
00173071820,FLOVENT HFA,,SP,"Aerosols, [non-flammable, (each not exceeding 1 L capacity)]"
00173071920,FLOVENT HFA,,SP,"Aerosols, [non-flammable, (each not exceeding 1 L capacity)]"
00173072020,FLOVENT HFA,,SP,"Aerosols, [non-flammable, (each not exceeding 1 L capacity)]"
61703034418,FLUDARABINE PHOSPHATE,,CHEMO,
51672127304,FLUOCINONIDE,D001,BKC,"Flammable liquids, n.o.s."
00386000304,FLUORI-METHANE,,SP,"Aerosols, [non-flammable, (each not exceeding 1 L capacity)]"
00023081230,FLUOROPLEX,,CHEMO,
51672406201,FLUOROURACIL,,CHEMO,
51672406301,FLUOROURACIL,,CHEMO,
63323011710,FLUOROURACIL,,CHEMO,
63323011761,FLUOROURACIL,,CHEMO,
60758091003,FLURBIPROFEN SODIUM,D009,BKC,"Toxic Liquids, Organic, n.o.s."
00185112518,FLUTAMIDE,,CHEMO,
00023031604,FML S.O.P.,D009,BKC,"Toxic Liquids, Organic, n.o.s."
00002840001,FORTEO,D024,BKC,"Toxic Liquids, Organic, n.o.s."
00884029301,FUNGOID TINCTURE,D001,BKC,"Flammable liquids, n.o.s."
00004038039,FUZEON,D001,BKC,"Flammable liquids, n.o.s."
63304063728,GANCICLOVIR,,CHEMO,
00386000404,GEBAUERS SPRAY AND STRETCH,,SP,"Aerosols, [non-flammable, (each not exceeding 1 L capacity)]"
00002750201,GEMZAR,,CHEMO,
00078040134,GLEEVEC,,CHEMO,
00078043815,GLEEVEC,,CHEMO,
70074050241,GLUCERNA,D007,BKC,"Toxic liquid, inorganic, n.o.s."
70074053535,Glucerna 1.5 Cal Liquid,D007,BKC,"Toxic liquid, inorganic, n.o.s."
70074054329,GLUCERNA SHAKE,D007,BKC,"Toxic liquid, inorganic, n.o.s."
51079062181,GRANULEX,D001,SP,"Aerosols, flammable,"
00395104916,GREEN SOAP,D001,BKC,"Flammable liquids, n.o.s."
00121077504,GUAIFENESIN/CODEINE,,DEA,
00009001701,HALCION,,DEA,
50242013468,HERCEPTIN,,CHEMO,
00002751001,HUMALOG,D024,BKC,"Toxic Liquids, Organic, n.o.s."
00002751659,HUMALOG,D024,BKC,"Toxic Liquids, Organic, n.o.s."
00002751101,HUMALOG MIX 75/25,D024,BKC,"Toxic Liquids, Organic, n.o.s."
00002879459,HUMALOG MIX 75/25 PEN,D024,BKC,"Toxic Liquids, Organic, n.o.s."
00002872559,HUMALOG PEN,D024,BKC,"Toxic Liquids, Organic, n.o.s."
00053761510,HUMATE-P,D001,BKC,"Flammable liquids, n.o.s."
00002733516,HUMATROPE COMBO PACK,D024,BKC,"Toxic Liquids, Organic, n.o.s."
00074379902,HUMIRA,D001,BKC,"Flammable liquids, n.o.s."
00074433902,HUMIRA PEN,D001,BKC,"Flammable liquids, n.o.s."
00074433906,HUMIRA PEN-CROHNS DISEASE,D001,BKC,"Flammable liquids, n.o.s."
00002877059,HUMULIN 70/30 PEN,D024,BKC,"Toxic Liquids, Organic, n.o.s."
00002821601,HUMULIN BUFFERED,D024,BKC,"Toxic Liquids, Organic, n.o.s."
00002831501,HUMULIN N,D024,BKC,"Toxic Liquids, Organic, n.o.s."
00002873059,HUMULIN N U-100 PEN,D024,BKC,"Toxic Liquids, Organic, n.o.s."
00002821501,HUMULIN R,D024,BKC,"Toxic Liquids, Organic, n.o.s."
00002850101,HUMULIN R U-500 (CONCENTR,D024,BKC,"Toxic Liquids, Organic, n.o.s."
00283067902,HURRICAINE,D001,SP,"Aerosols, flammable,"
00007420105,HYCAMTIN,,CHEMO,
00003083050,HYDREA,,CHEMO,
00121065504,HYDROCODONE/ACETAMINOPHEN,,DEA,
00406036101,HYDROCODONE/ACETAMINOPHEN,,DEA,
00406036501,HYDROCODONE/ACETAMINOPHEN,,DEA,
00603388502,HYDROCODONE/ACETAMINOPHEN,,DEA,
00603388516,HYDROCODONE/ACETAMINOPHEN,,DEA,
00603388520,HYDROCODONE/ACETAMINOPHEN,,DEA,
00603388522,HYDROCODONE/ACETAMINOPHEN,,DEA,
60432045516,HYDROCODONE/HOMATROPINE,,DEA,
00409263405,HYDROMORPHONE,,DEA,
00406324301,HYDROMORPHONE HCL,,DEA,
00406324401,HYDROMORPHONE HCL,,DEA,
00409131230,HYDROMORPHONE HCL,,DEA,
00641012125,HYDROMORPHONE HCL DOSETTE,,DEA,
60432015004,HYDROXYZINE HCL,D002,SPC,"Corrosive liquid, acidic, organic, n.o.s."
58980015010,HYPERCARE,D001,BKC,"Flammable liquids, n.o.s."
00065804030,ICAPS PLUS,D007,BKC,"Toxic liquid, inorganic, n.o.s."
00013251686,IDAMYCIN,,CHEMO,
00703415611,IDARUBICIN HCL,,CHEMO,
00015055711,IFEX,,CHEMO,"Toxic solids, organic, n.o.s."
10019092501,IFOSFAMIDE,,CHEMO,"Toxic solid, inorganic, n.o.s."
55513092606,INFERGEN,,CHEMO,
64116003106,INFERGEN,,CHEMO,
60977011501,INFUMORPH 500,,DEA,
00085012003,INTRON-A,,CHEMO,
00085113301,INTRON-A,D024,CHEMO,"Toxic Liquids, Organic, n.o.s."
00085116801,INTRON-A,D024,CHEMO,"Toxic Liquids, Organic, n.o.s."
00085118401,INTRON-A,D024,CHEMO,"Toxic Liquids, Organic, n.o.s."
00085118402,INTRON-A,D024,CHEMO,"Toxic Liquids, Organic, n.o.s."
00085119101,INTRON-A,D024,CHEMO,"Toxic Liquids, Organic, n.o.s."
00085123501,INTRON-A,D001,CHEMO,"Toxic liquids, flammable, organic, n.o.s."
00085124201,INTRON-A,D001,CHEMO,"Toxic liquids, flammable, organic, n.o.s."
00085125401,INTRON-A,D001,CHEMO,"Toxic liquids, flammable, organic, n.o.s."
00085053901,INTRON-A W/DILUENT,,CHEMO,
00085057102,INTRON-A W/DILUENT,,CHEMO,
00228136901,IODINE TINCTURE,D001,BKC,"Flammable liquids, n.o.s."
00310048230,IRESSA,,CHEMO,
61703034909,IRINOTECAN,,CHEMO,
00574006716,ISOPROPYL ALCOHOL,D001,BKC,"Flammable liquids, n.o.s."
00212182551,ISOSOURCE,D007,BKC,"Toxic liquid, inorganic, n.o.s."
00212181551,ISOSOURCE 1.5 CAL,D007,BKC,"Toxic liquid, inorganic, n.o.s."
00212187551,ISOSOURCE VHN,D007,BKC,"Toxic liquid, inorganic, n.o.s."
70074040143,JEVITY 1 CAL,D007,BKC,"Toxic liquid, inorganic, n.o.s."
70074053119,JEVITY 1.2 CAL,D007,BKC,"Toxic liquid, inorganic, n.o.s."
00074395646,KALETRA,D001,BKC,"Flammable liquids, n.o.s."
00003050162,KENALOG,D001,SP,"Aerosols, flammable,"
42023011310,KETALAR,,DEA,
00409205105,KETAMINE HCL,,DEA,
67457000110,KETAMINE HCL,,DEA,
00409228731,KETOROLAC TROMETHAMINE,D001,BKC,"Flammable liquids, n.o.s."
00409228761,KETOROLAC TROMETHAMINE,D001,BKC,"Flammable liquids, n.o.s."
00409228831,KETOROLAC TROMETHAMINE,D001,BKC,"Flammable liquids, n.o.s."
55390048101,KETOROLAC TROMETHAMINE,D001,BKC,"Flammable liquids, n.o.s."
00088222033,LANTUS,D024,BKC,"Toxic Liquids, Organic, n.o.s."
00088222052,LANTUS FOR OPTICLIK,D024,BKC,"Toxic Liquids, Organic, n.o.s."
00088222060,LANTUS SOLOSTAR,D024,BKC,"Toxic Liquids, Organic, n.o.s."
00173063535,LEUKERAN,U035,CHEMO,"Toxic Liquids, Organic, n.o.s."
00169368712,LEVEMIR,D024,BKC,"Toxic Liquids, Organic, n.o.s."
00169643910,LEVEMIR FLEXPEN,D024,BKC,"Toxic Liquids, Organic, n.o.s."
67308010106,LEVULAN KERASTICK,D001,CHEMO,"Flammable liquids, n.o.s."
60432083360,LINDANE,U129,BKC,"Toxic Liquids, Organic, n.o.s."
60432083460,LINDANE,U129,BKC,"Toxic liquids, flammable, organic, n.o.s."
00378232101,LORAZEPAM,,DEA,
00378245701,LORAZEPAM,,DEA,
00378277701,LORAZEPAM,,DEA,
00409677802,LORAZEPAM,,DEA,
10019010210,LORAZEPAM,,DEA,
00054353244,LORAZEPAM INTENSOL,,DEA,
50474090701,LORTAB 7.5,,DEA,
63402019110,LUNESTA,,DEA,
63402019310,LUNESTA,,DEA,
00074364103,LUPRON,,CHEMO,
00074366303,LUPRON DEPOT,,CHEMO,
00071101241,LYRICA,,DEA,
00071101268,LYRICA,,DEA,
00071101341,LYRICA,,DEA,
00071101368,LYRICA,,DEA,
00071101468,LYRICA,,DEA,
00071101568,LYRICA,,DEA,
00071101668,LYRICA,,DEA,
00071101768,LYRICA,,DEA,
00071101868,LYRICA,,DEA,
00071101968,LYRICA,,DEA,
00015308060,LYSODREN,,CHEMO,
00051002211,MARINOL,,DEA,
00496052306,MASTISOL LIQUID,D001,BKC,"Flammable liquids, n.o.s."
00004005301,MATULANE,,CHEMO,
00089081521,MAXAIR AUTOHALER,,SP,"Aerosols, [non-flammable, (each not exceeding 1 L capacity)]"
00024123305,MEBARAL,,DEA,
67386080202,MEBARAL,,DEA,
00054354258,MEGESTROL ACETATE,,CHEMO,
49884028901,MEGESTROL ACETATE,,CHEMO,
49884029001,MEGESTROL ACETATE,,CHEMO,
49281048901,MENOMUNE-A/C/Y/W-135,D009,BKC,"Toxic Liquids, Organic, n.o.s."
00054459525,MEPERIDINE HCL,,DEA,
00338269175,MEPERIDINE HCL,,DEA,
10019015868,MEPERIDINE HCL,,DEA,
00364016002,MEPROBAMATE,,DEA,
00054458111,MERCAPTOPURINE,,CHEMO,
00228141101,MERCUROCHROME,D009,BKC,"Toxic Liquids, Organic, n.o.s."
00054355663,METHADONE HCL,,DEA,
00054457025,METHADONE HCL,,DEA,
00406577101,METHADONE HCL,,DEA,
66479053002,METHADONE HCL,,DEA,
00406052710,METHADOSE,,DEA,
00378001401,METHOTREXATE,,CHEMO,
10139006202,METHOTREXATE SODIUM,,CHEMO,
61703035038,METHOTREXATE SODIUM,,CHEMO,
00406112101,METHYLIN,,DEA,
00406112201,METHYLIN,,DEA,
00406145101,METHYLIN ER,,DEA,
00527140901,METHYLTESTOSTERONE/ESTERI,,DEA,
10019002710,MIDAZOLAM HCL,,DEA,
55390013702,MIDAZOLAM HCL,,DEA,
55390013705,MIDAZOLAM HCL,,DEA,
55390013801,MIDAZOLAM HCL,,DEA,
19810116300,MINERAL ICE,D001,BKC,"Flammable liquids, n.o.s."
00472006675,MINOXIDIL FOR MEN,D001,BKC,"Flammable liquids, n.o.s."
55390025101,MITOMYCIN,U010,CHEMO,"Toxic Liquids, Organic, n.o.s."
55390025201,MITOMYCIN,U010,CHEMO,"Toxic Liquids, Organic, n.o.s."
55390025301,MITOMYCIN,U010,CHEMO,"Toxic Liquids, Organic, n.o.s."
61703034318,MITOXANTRONE HCL,,CHEMO,
00548602300,MORPHINE SULF,,DEA,
00054023524,MORPHINE SULFATE,,DEA,
00054023525,MORPHINE SULFATE,,DEA,
00054023624,MORPHINE SULFATE,,DEA,
00054023625,MORPHINE SULFATE,,DEA,
00406831501,MORPHINE SULFATE,,DEA,
00406833001,MORPHINE SULFATE,,DEA,
00409125830,MORPHINE SULFATE,,DEA,
00409126069,MORPHINE SULFATE,,DEA,
00409126130,MORPHINE SULFATE,,DEA,
00409126431,MORPHINE SULFATE,,DEA,
00409176230,MORPHINE SULFATE,,DEA,
00409617714,MORPHINE SULFATE,,DEA,
00409617914,MORPHINE SULFATE,,DEA,
00527142536,MORPHINE SULFATE,,DEA,
00527142562,MORPHINE SULFATE,,DEA,
10019017644,MORPHINE SULFATE,,DEA,
10019017944,MORPHINE SULFATE,,DEA,
10019017963,MORPHINE SULFATE,,DEA,
00591351301,MORPHINE SULFATE CR,,DEA,
00406839001,MORPHINE SULFATE ER,,DEA,
67386091151,MUSTARGEN,U237,CHEMO,"Toxic solids, organic, n.o.s."
00173071325,MYLERAN,,CHEMO,
00259477040,NAFTIN,D001,BKC,"Flammable liquids, n.o.s."
00113005452,NASAL DECONGESTANT 12HR,,DEA,
51672203003,NASAL DECONGESTANT SPRAY,D009,BKC,"Toxic Liquids, Organic, n.o.s."
64370053202,NAVELBINE,,CHEMO,
67386050155,NEMBUTAL,D001,DEA,"Flammable liquids, n.o.s."
00574400910,NEOMYCIN/POLYMYXIN/GRAMIC,D009,BKC,"Toxic Liquids, Organic, n.o.s."
24208063110,NEOMYCIN/POLYMYXIN/HC,D009,BKC,"Toxic Liquids, Organic, n.o.s."
24208063562,NEOMYCIN/POLYMYXIN/HYDROC,D009,BKC,"Toxic Liquids, Organic, n.o.s."
61314064175,NEOMYCIN/POLYMYXIN/HYDROC,D009,BKC,"Toxic Liquids, Organic, n.o.s."
00024134803,NEO-SYNEPHRINE,D009,BKC,"Toxic Liquids, Organic, n.o.s."
00024135202,NEO-SYNEPHRINE,D009,BKC,"Toxic Liquids, Organic, n.o.s."
00024135301,NEO-SYNEPHRINE,D009,BKC,"Toxic Liquids, Organic, n.o.s."
00026848858,NEXAVAR,,CHEMO,
00904573611,NICORELIEF,P075,PBKC,"Toxic Liquids, Organic, n.o.s."
00067512409,NICOTINE,P075,PBKC,"Toxic Liquids, Organic, n.o.s."
00067512514,NICOTINE,P075,PBKC,"Toxic Liquids, Organic, n.o.s."
00067512614,NICOTINE,P075,PBKC,"Toxic Liquids, Organic, n.o.s."
00088111114,NILANDRON,,CHEMO,
62701080001,NIPENT,,CHEMO,
00517481025,NITROGLYCERIN,D001,BKC,"Flammable liquids, n.o.s."
59630030020,NITROLINGUAL PUMPSPRAY,D001,BKC,"Flammable liquids, n.o.s."
63736012002,NIX CREME RINSE,D001,BKC,"Flammable liquids, n.o.s."
00074194063,NORVIR,D001,BKC,"Flammable liquids, n.o.s."
44087152501,NOVANTRONE,,CHEMO,
00212351162,NOVASOURCE RENAL,D007,BKC,"Toxic liquid, inorganic, n.o.s."
00169183711,NOVOLIN 70/30,D024,BKC,"Toxic Liquids, Organic, n.o.s."
00169183717,NOVOLIN 70/30,D024,BKC,"Toxic Liquids, Organic, n.o.s."
00169231721,NOVOLIN 70/30 INNOLET,D024,BKC,"Toxic Liquids, Organic, n.o.s."
00169347718,NOVOLIN 70/30 PENFILL,D024,BKC,"Toxic Liquids, Organic, n.o.s."
00169183411,NOVOLIN N,D024,BKC,"Toxic Liquids, Organic, n.o.s."
00169231421,NOVOLIN N INNOLET,D024,BKC,"Toxic Liquids, Organic, n.o.s."
00169347418,NOVOLIN N U-100 PENFILL,D024,BKC,"Toxic Liquids, Organic, n.o.s."
00169004471,NOVOLIN R,D024,BKC,"Toxic Liquids, Organic, n.o.s."
00169183311,NOVOLIN R,D024,BKC,"Toxic Liquids, Organic, n.o.s."
00169231321,NOVOLIN R INNOLET,D024,BKC,"Toxic Liquids, Organic, n.o.s."
00169347318,NOVOLIN R U-100 PENFILL,D024,BKC,"Toxic Liquids, Organic, n.o.s."
00169750111,NOVOLOG,D024,BKC,"Toxic Liquids, Organic, n.o.s."
00169633910,NOVOLOG FLEXPEN,D024,BKC,"Toxic Liquids, Organic, n.o.s."
00169368512,NOVOLOG MIX 70/30,D024,BKC,"Toxic Liquids, Organic, n.o.s."
00169369619,NOVOLOG MIX 70/30 PREFILL,D024,BKC,"Toxic Liquids, Organic, n.o.s."
00169330312,NOVOLOG PENFILL,D024,BKC,"Toxic Liquids, Organic, n.o.s."
00065902470,NUTREN 1.0,D007,BKC,"Toxic liquid, inorganic, n.o.s."
00065903270,NUTREN 1.5,D007,BKC,"Toxic liquid, inorganic, n.o.s."
63481061270,OPANA,,DEA,
70074040735,OSMOLITE 1 CAL,D007,BKC,"Toxic liquid, inorganic, n.o.s."
70074057470,OSMOLITE 1.5 CAL,D007,BKC,"Toxic liquid, inorganic, n.o.s."
61703036322,OXALIPLATIN,,CHEMO,
00245027111,OXANDROLONE,,DEA,
00187040231,OXSORALEN,D001,CHEMO,"Flammable liquids, n.o.s."
00406055201,OXYCODONE HCL,,DEA,
00406055401,OXYCODONE HCL,,DEA,
00406853001,OXYCODONE HCL,,DEA,
00406855830,OXYCODONE HCL,,DEA,
00406051201,OXYCODONE/ACETAMINOPHEN,,DEA,
59011010010,OXYCONTIN,,DEA,
59011010020,OXYCONTIN,,DEA,
59011010310,OXYCONTIN,,DEA,
59011010320,OXYCONTIN,,DEA,
59011010510,OXYCONTIN,,DEA,
59011010520,OXYCONTIN,,DEA,
59011010710,OXYCONTIN,,DEA,
61703034250,PACLITAXEL,D001,CHEMO,"Flammable liquids, n.o.s."
00015321030,PARAPLATIN,,CHEMO,
50383085516,PAREGORIC,D001,DEA,"Flammable liquids, n.o.s."
54162020006,PC-TAR,D018,BKC,"Toxic Liquids, Organic, n.o.s."
00004035239,PEGASYS,D001,BKC,"Flammable liquids, n.o.s."
00085127901,PEG-INTRON,D001,BKC,"Flammable liquids, n.o.s."
00085129101,PEG-INTRON,D001,BKC,"Flammable liquids, n.o.s."
00085130401,PEG-INTRON,D001,BKC,"Flammable liquids, n.o.s."
00085136801,PEG-INTRON,D001,BKC,"Flammable liquids, n.o.s."
00641044025,PENTOBARBITAL,,DEA,
00074335301,PENTOTHAL,,DEA,"Toxic Liquids, Organic, n.o.s."
00074624103,PENTOTHAL,,DEA,
00409332901,PENTOTHAL,,DEA,"Toxic Liquids, Organic, n.o.s."
00065901470,PEPTAMEN,D007,BKC,"Toxic liquid, inorganic, n.o.s."
00065906770,PEPTAMEN,D007,BKC,"Toxic liquid, inorganic, n.o.s."
00065908770,PEPTAMEN 1.5,D007,BKC,"Toxic liquid, inorganic, n.o.s."
00065908870,PEPTAMEN 1.5,D007,BKC,"Toxic liquid, inorganic, n.o.s."
70074050629,PERATIVE,D007,BKC,"Toxic liquid, inorganic, n.o.s."
00121053107,PHENOBARBITAL,D001,DEA,"Flammable liquids, n.o.s."
00536159085,PHENOBARBITAL,,DEA,
00603150858,PHENOBARBITAL,D001,DEA,"Flammable liquids, n.o.s."
00603516521,PHENOBARBITAL,,DEA,
00603516721,PHENOBARBITAL,,DEA,
00603516821,PHENOBARBITAL,,DEA,
64125090101,PHENOBARBITAL,,DEA,
00641047725,PHENOBARBITAL SODIUM,D001,DEA,"Flammable liquids, n.o.s."
17317041501,PHENOL,U188,BKC,"Toxic Liquids, Organic, n.o.s."
00603519232,PHENTERMINE HCL,P046,DEA,"Toxic Liquids, Organic, n.o.s."
00187084401,PHRENILIN FORTE,,DEA,
00015307220,PLATINOL,,CHEMO,
00591320413,PODOFILOX,D001,BKC,"Flammable liquids, n.o.s."
00573287120,PREPARATION H,D009,BKC,"Toxic Liquids, Organic, n.o.s."
68220014210,PROCTOFOAM HC,D001,SP,"Aerosols, flammable,"
17314423101,PROGESTASERT,D005,BKC,"Toxic liquid, inorganic, n.o.s."
00469301601,PROGRAF,D001,BKC,"Flammable liquids, n.o.s."
53905099101,PROLEUKIN,,CHEMO,
70074051872,PROMOTE WITH FIBER,D007,BKC,"Toxic liquid, inorganic, n.o.s."
00182069801,PROPOXYPHENE HCL,,DEA,
00074373513,PROSOM,,DEA,
00085113201,PROVENTIL HFA,,SP,"Aerosols, [non-flammable, (each not exceeding 1 L capacity)]"
63459010101,PROVIGIL,,DEA,
63459020101,PROVIGIL,,DEA,
63323018001,PYRIDOXINE HCL,D002,SPC,"Corrosive liquid, acidic, organic, n.o.s."
59310017780,QVAR,D001,SP,"Aerosols, flammable,"
00085123601,REBETRON,D024,CHEMO,"Toxic Liquids, Organic, n.o.s."
00085123602,REBETRON,D024,CHEMO,"Toxic Liquids, Organic, n.o.s."
00085125801,REBETRON,D024,CHEMO,"Toxic Liquids, Organic, n.o.s."
00085125802,REBETRON,D024,CHEMO,"Toxic Liquids, Organic, n.o.s."
00085125803,REBETRON,D024,CHEMO,"Toxic Liquids, Organic, n.o.s."
44087002203,REBIF,,CHEMO,
44087004403,REBIF,,CHEMO,
00045081015,REGRANEX,D024,BKC,"Toxic Liquids, Organic, n.o.s."
00185003201,RESERPINE,U200,BKC,"Toxic Liquids, Organic, n.o.s."
00185013401,RESERPINE,U200,BKC,"Toxic Liquids, Organic, n.o.s."
00212339162,RESOURCE DIABETIC,D007,BKC,"Toxic Liquids, Organic, n.o.s."
00406991501,RESTORIL,,DEA,
00062019003,RETIN-A MICRO,D001,CHEMO,"Flammable liquids, n.o.s."
59572040530,REVLIMID,,CHEMO,
59572041030,REVLIMID,,CHEMO,
59572041521,REVLIMID,,CHEMO,
59572042525,REVLIMID,,CHEMO,
00078037105,RITALIN LA,,DEA,
50242005121,RITUXAN,,CHEMO,
50242005306,RITUXAN,,CHEMO,
00004201507,ROFERON-A,,CHEMO,
49452638401,SAGE OIL,D001,BKC,"Flammable liquids, n.o.s."
00078011022,SANDIMMUNE,D001,BKC,"Flammable liquids, n.o.s."
00078034061,SANDOSTATIN LAR DEPOT,D001,CHEMO,"Flammable liquids, n.o.s."
00078034161,SANDOSTATIN LAR DEPOT,D001,CHEMO,"Flammable liquids, n.o.s."
00078034261,SANDOSTATIN LAR DEPOT,D001,CHEMO,"Flammable liquids, n.o.s."
54629016300,SELENIUM,D010,BKC,"Toxic liquid, inorganic, n.o.s."
45802004064,SELENIUM SULFIDE,U205,BKC,"Toxic liquid, inorganic, n.o.s."
00008000607,SERAX,,DEA,
10019065164,SEVOFLURANE,D022,BKC,Chloroform
61570013140,SILVADENE,D011,BKC,"Toxic Liquids, Organic, n.o.s."
00591081085,SILVER SULFADIAZINE,D011,BKC,"Toxic Liquids, Organic, n.o.s."
00121062806,SORE THROAT SPRAY,U188,BKC,"Toxic Liquids, Organic, n.o.s."
50458029515,SPORANOX,D002,SPC,"Corrosive liquid, acidic, organic, n.o.s."
00003052411,SPRYCEL,,CHEMO,
00003052711,SPRYCEL,,CHEMO,
00003052811,SPRYCEL,,CHEMO,
00087565041,STADOL NS,,DEA,
12496128302,SUBOXONE,,DEA,
12496130602,SUBOXONE,,DEA,
00501278710,SUDAFED 12 HOUR,,DEA,
00904505359,SUDOGEST,,DEA,
00904512559,SUDOGEST,,DEA,
11098005002,SUFENTA,,DEA,
50458005005,SUFENTA,,DEA,
61314070101,SULFACETAMIDE SODIUM,D009,BKC,"Toxic Liquids, Organic, n.o.s."
70074050165,SUPLENA RTU,D007,BKC,"Toxic liquid, inorganic, n.o.s."
00069055038,SUTENT,,CHEMO,
00069098038,SUTENT,,CHEMO,
00186037020,SYMBICORT,,SP,"Aerosols, [non-flammable, (each not exceeding 1 L capacity)]"
00186037220,SYMBICORT,,SP,"Aerosols, [non-flammable, (each not exceeding 1 L capacity)]"
66780011001,SYMLIN,D024,BKC,"Toxic Liquids, Organic, n.o.s."
66780012102,SYMLINPEN 120,D024,BKC,"Toxic Liquids, Organic, n.o.s."
66780011502,SYMLINPEN 60,D024,BKC,"Toxic Liquids, Organic, n.o.s."
00173088025,TABLOID,,CHEMO,
00024191601,TALWIN,,DEA,
00024195104,TALWIN NX,,DEA,
00378014405,TAMOXIFEN CITRATE,,CHEMO,
50242006201,TARCEVA,,CHEMO,
50242006301,TARCEVA,,CHEMO,
50242006401,TARCEVA,,CHEMO,
62856060210,TARGRETIN,,CHEMO,
64365050401,TARGRETIN,D001,CHEMO,"Flammable liquids, n.o.s."
00078052687,TASIGNA,,CHEMO,
00015347630,TAXOL,D001,CHEMO,"Flammable liquids, n.o.s."
00075800180,TAXOTERE,D001,CHEMO,"Flammable liquids, n.o.s."
00228207610,TEMAZEPAM,,DEA,
00228207710,TEMAZEPAM,,DEA,
00085136602,TEMODAR,,CHEMO,
00085141701,TEMODAR,,CHEMO,
00085151901,TEMODAR,,CHEMO,
66887000105,TESTIM,D001,DEA,"Flammable liquids, n.o.s."
00591322126,TESTOSTERONE ENANTHATE,,DEA,
17478013101,TETANUS/DIPHTHERIA TOXOID,D009,BKC,"Toxic Liquids, Organic, n.o.s."
59572010511,THALOMID,,CHEMO,
59572022016,THALOMID,,CHEMO,
00904053800,THERA MULTI VIT,D007,BKC,"Toxic liquid, inorganic, n.o.s."
00904549213,THERA-M ENHANCED,D007,BKC,"Toxic liquid, inorganic, n.o.s."
55390003010,THIOTEPA,,CHEMO,
00703565301,TOPOSAR,D001,CHEMO,"Flammable liquids, n.o.s."
00008117901,TORISEL,D001,CHEMO,"Flammable liquids, n.o.s."
00409459210,TRACE METALS ADDITIVE FTV,D007,BKC,"Toxic liquid, inorganic, n.o.s."
63459039120,TREANDA,,CHEMO,
52544015376,TRELSTAR DEPOT,,CHEMO,
45802018302,TRETINOIN,D001,CHEMO,"Flammable liquids, n.o.s."
45802036102,TRETINOIN,D001,CHEMO,"Flammable liquids, n.o.s."
45802036342,TRETINOIN,D001,CHEMO,"Flammable liquids, n.o.s."
00574067704,TRICHLOROACETIC ACID,D002,SPC,"Corrosive solid, acidic, organic, n.o.s."
61314004475,TRIFLURIDINE,D009,BKC,"Toxic Liquids, Organic, n.o.s."
61570008101,TUSSIGON,,DEA,
58160081546,TWINRIX,D009,BKC,"Toxic Liquids, Organic, n.o.s."
58160085046,TWINRIX,D009,BKC,"Toxic Liquids, Organic, n.o.s."
70074040729,TWOCAL HN,D007,BKC,"Toxic liquid, inorganic, n.o.s."
00173075200,TYKERB,,CHEMO,
00045052660,TYLOX,,DEA,
00087435943,ULTRACAL,D007,BKC,"Toxic liquid, inorganic, n.o.s."
00140000501,VALIUM,,DEA,
55513095601,VECTIBIX,,CHEMO,
63020004901,VELCADE,,CHEMO,
00004025001,VESANOID,,CHEMO,
00044072702,VICODIN,,DEA,
00074227714,VICOPROFEN,,DEA,
67211010201,VIDAZA,,CHEMO,
63323027810,VINBLASTINE SULFATE,,CHEMO,
61703030916,VINCRISTINE SULFATE,,CHEMO,
68803061201,Visionblue,U236,BKC,"Toxic Liquids, Organic, n.o.s."
63481068403,VOLTAREN,D001,BKC,"Flammable liquids, n.o.s."
59417010310,VYVANSE,,DEA,
60429078401,WARFARIN,U248,BKC,"Toxic Liquids, Organic, n.o.s."
60429078501,WARFARIN,P001,PBKC,"Toxic Liquids, Organic, n.o.s."
60429078610,WARFARIN,P001,PBKC,"Toxic Liquids, Organic, n.o.s."
60429078701,WARFARIN,P001,PBKC,"Toxic Liquids, Organic, n.o.s."
60429078801,WARFARIN,P001,PBKC,"Toxic Liquids, Organic, n.o.s."
60429078910,WARFARIN,P001,PBKC,"Toxic Liquids, Organic, n.o.s."
60429079010,WARFARIN,P001,PBKC,"Toxic Liquids, Organic, n.o.s."
60429079101,WARFARIN,P001,PBKC,"Toxic Liquids, Organic, n.o.s."
60429079201,WARFARIN,P001,PBKC,"Toxic Liquids, Organic, n.o.s."
00004110020,XELODA,,CHEMO,
00004110150,XELODA,,CHEMO,
63402051001,XOPENEX HFA,,SP,"Aerosols, [non-flammable, (each not exceeding 1 L capacity)]"
62161000820,XYREM,,DEA,
00832040100,ZALEPLON,,DEA,
00832040000,Zaleplon Capsule,,DEA,
00074463701,ZEMPLAR,D001,BKC,"Flammable liquids, n.o.s."
00517611025,ZINC SULFATE,D002,SPC,"Corrosive liquid, acidic, inorganic, n.o.s."
00310095036,ZOLADEX,,CHEMO,
00310095130,ZOLADEX,,CHEMO,
00378530501,ZOLPIDEM TARTRATE,,DEA,
00378531001,ZOLPIDEM TARTRATE,,DEA,
00078038725,ZOMETA,,CHEMO,
